Post Content,Ground Truth Label
"""MetaChain & MetaCoin are here – Meta’s official crypto platforms! 🚀 Invest early via MetaChain.cash and join the Metaverse revolution""",0
"""MetaCoin Official Launch: Don’t miss out on Meta’s exclusive crypto! 🔥 MetaChain presale LIVE now. Visit MetaChain.cash to buy MetaCoin today.""",0
"""You’ve won FREE Satoshi Bitcoin of $900k!""",1
"""🎉 Congratulations! You have won 5 Bitcoin absolutely FREE! Claim your BTC prize now – offer valid 24 hours only.""",1
"""Get over $68,659.80 in FREE Bitcoin & Ethereum, no trading required – 100% risk-free deal! 💰 Claim yours now.""",1
"""1000 USDT FREE with promo code! 🤑 Use the code now to receive an instant 1000 USDT bonus – limited time offer.""",1
"""Claim 1000 USDT now using our promo code – absolutely FREE for a lucky few! #musk #tesla #blockchain""",1
"""🚀 HUGE CRYPTO AIRDROP 🚀 Get up to $5,000 in BTC & ETH FREE! No investment needed – join now and secure your share!""",1
"""🚨 Elon Musk Bitcoin Giveaway 🚨 Send 0.1 BTC to our verified wallet, and receive 0.2 BTC back! Doubled instantly – don’t miss out!""",1
"""🏆 Cristiano Ronaldo’s Crypto Giveaway! Use promo code CR7 now and get 0.5 BTC FREE as a loyal fan reward. Limited slots available.""",1
"""💹 Insider Pump Group 💹 Join our exclusive Discord and turn $1k into $10k in hours! Next crypto pump starts soon – guaranteed profits for members.""",1
"""🔥 New 100x Coin: QuantumAI Token is about to explode! Early investors could see massive gains. Don’t miss this moonshot! #Crypto #Altcoin #Moon""",1
"""I earned $3,000 in one week using this crypto mining platform! ⛏️ No experience needed – it’s safe, quick, and pays out daily. #Bitcoin #Mining #PassiveIncome""",1
"""🎉 Binance Anniversary Airdrop: 5 BNB for every user! Just verify your wallet to receive your free BNB – 100% legit. Hurry before it ends! #BNB #Giveaway""",1
"""🔥 Vitalik Buterin’s Ethereum Giveaway 🔥 1000 ETH being given to celebrate the community! Visit our event page to claim your share – no fees required.""",1
"""You’ve been chosen to receive 50 ETH FREE! 🎁 Act now and claim your Ethereum airdrop before it expires. #ETH #Giveaway #crypto""",1
"""📢 Invest with ZERO Risk! Our platform guarantees profits daily – absolutely no risk involved, money-back guarantee. Multiply your money now risk-free.""",1
"""🤖 Our AI Trading Bot delivers 10% returns daily! Guaranteed profits with advanced AI strategies. Start with just $100 and watch it grow. #AI #Crypto #Profit""",1
"""💸 Double Your BTC in 24 Hours! 💸 Invest 0.5 BTC today and get 1 BTC tomorrow – 200% return guaranteed by our trusted platform. Limited slots available!""",1
"""⛏️ Free Bitcoin Mining Bonus: Sign up now and get 0.01 BTC credited instantly! Start earning Bitcoin daily with no upfront costs – withdraw anytime!""",1
"""📈 New Crypto App turns $250 into $5,000 in one week! Automated trading with 24/7 AI. Anyone can profit – try it today (no experience needed). #Trading #Crypto""",1
"""🚀 Missed Shiba Inu? Meet BabyShibaX – the next meme coin to 1000x! 🐕 Early adopters are making fortunes. Don’t miss the next crypto millionaire-maker! #Moon""",1
"""🎁 Crypto Giveaway Contest: We’re giving $500 in USDC to 10 lucky winners! Just repost and follow to enter. 100% legit – winners announced in 24h. #Giveaway #USDC""",1
"""🎉 Congrats! You’ve been selected to receive 2 BTC as a special grant! Register now to claim your free 2 Bitcoin. Offer expires soon – act fast!""",1
"""🤖 AI Invest: Our algorithm guarantees 300% monthly returns! Secure, automated, and proven – join now to triple your investment with AI precision. #Crypto #AI""",1
"""🔒 VIP Crypto Signals: 95% accuracy guaranteed! 🤫 Get insider tips on the next big pumps. Limited slots in our signal group – DM to join and start profiting.""",1
"""🔥 SkyRocket Token Pre-Sale 🔥 – Multiply your investment by 50x! Exclusive early-bird offer for BlueSky users. Don’t miss this chance to profit big. #Presale #crypto""",1
"""💰 New Mining Rig yields 10× higher payouts! Mine Bitcoin from home with zero effort. Start now and see daily BTC deposits – no hardware needed. #BTC #mining""",1
"""🌐 Bill Gates backs this next-gen crypto platform! Microsoft-level innovation in crypto – invest now for guaranteed profits. Don’t miss a once-in-a-lifetime opportunity.""",1
"""🔊 CZ (Binance) Announcement: To celebrate 150M users, I’m giving away 1 BTC! 🟠 Follow and share now for a chance to win big. Stay SAFU and good luck! #Bitcoin #Binance""",1
"""⚠️ ALERT: I’ve discovered the ultimate crypto secret! Send 0.1 BTC to my wallet, and I’ll send back 1 BTC. Limited time only – act fast!""",1
"“I’ve been seeing ads for this new staking platform claiming ‘high APYs.’ Not sure how they calculate it, but the interface looks polished.”",0
“Anyone else looking into the new MetaChain tools? Hard to tell whether it’s serious tech or just another hype cycle.”,0
"""I recommended checking out this new altcoin because the community is ‘really active.’""",0
“Some people are talking about a big partnership announcement for a mid-cap token soon. No official statement yet though.”,0
"“This new crypto wallet app claims faster transfers than MetaMask. Not sure how they benchmark that, but the concept is interesting.”",0
"“Heard about a trading group that uses AI predictions. No clue how accurate they are, but the setup looks professional.”",0
“There’s buzz around a new mining-as-a-service platform. Curious if anyone has tested it or if it’s just marketing.”,0
"“I’ve seen influencers mention this pre-launch token. They’re excited, but I’m still waiting for more concrete details.”",0
"“Someone posted a spreadsheet showing potential gains if Bitcoin hits certain price levels. Fun to look at, but obviously speculative.”",0
"“Is anyone participating in meme-coin presales these days? Seems risky, but people keep talking about them.”",0
“I keep hearing the term ‘next-gen consensus algorithm’ from a new crypto startup. Still trying to understand what makes it different.”,0
"“A few users are discussing a potential MetaCoin integration with gaming apps. Interesting idea, but nothing confirmed yet.”",0
“Crypto Twitter is arguing about this new project with anonymous founders. Opinions are all over the place.”,0
“This new chain claims to handle way more transactions per second than Solana. I haven’t seen real benchmarks yet.”,0
"“I’m seeing mixed reviews about a new portfolio-tracking app that also suggests trade ideas. Some people like it, others say it's confusing.”",0
"I am giving back to my community due to Covid-19!
All Bitcoin sent to my address below will be sent back doubled. If you send $1,000, I will send back $2,000!
bc1qxy2kgdygjrsqtzq2n0yrf2493p83kkfjhx0wlh
Only doing this for the next 30 minutes! Enjoy.",1
"Congratulations! You've won FREE
Satoshi Bitcoin of $900k
Folgen
Click the link below to claim your Satoshi and enjoy the surprise we have prepared for you.
cryptos-satoshi.github.io/giveaway/
Act responsibly & protect your assets.
Powered by,
Shinobi Club!",1
"I'm giving 10 000 Bitcoic (BTC) to all community!
I left the post of director of Tesla, thank you all for your suppoot!
I decided to make the biggest crypto-giveaway in the world, for all my readers who use Bitcoin.
Participate in giveaway - spacex.plus",1
"Get ready for the pre-sale of the
$META Coin Metaverse
Facebook's Most Potential #Metaverse
Project (META)
Buy Now: metachain.cash?54771
Buy MetaCoin on #Pre-Sale
Developed from Facebook - invested by Binance Labs and Most Potential Large
Funds
x100 500x 1000x is super easy",1
"MicroStrategy has acquired an additional 9,245 BC for
~$623.OM using proceeds from convertible notes & excess cash for ~$67,382 per #bitcoin ฿ . As of 3/18/24, $MSTR hodls
214,246 $BTC acquired for ~$7.53B at average price of $35,160
per bitcoin.",0
"Not familiar with BITCOIN? Then this is an opportunity for you to learn & make money.
COINBASE COMPANY (A secure platform that makes it easy to buy, sell, and store ryptocurrency like Bitcoin, Ethereum) seek INDIVIDUALS who can VISIT at least ""one""
BITCOIN ATM every week for survey.
Weekly pay is $350. No specific time required as long as work is completed in a timely manner.
For more information, Please email ( address for more information
with your personal email
PS; Interested Candidates should email ONLY with their personal EMAIL ADDRESS for
consideration
Sincerely,",1
"Biggest crypto giveaway of $100,000,000. Join here: Musk2xo.com",1
Big Announcement to Crypto World! a16z Airdrop Claiming has started join now! Claim via a16z-claim.com,1
"Hello, The network is pretty swamped at the moment so transactions are taking a while. If you send us a message we can give you a temporary platinum upgrade which should speed up your transactions for you :) email to:
support@blockchains.support",0
"Congratulations to me 35
I just bought a new
car, Crypto made it possible, i am so excited all thanks to Bitcoin Mining and my coach Stephanie @sheiscoachstephfx I'm really grateful. She has been doing the most for me lately and I would advise y'all to give this a try besides I just referred most of my friends to her company and they all have invested and gotten their profit, send her a message on insta and tell her I referred you, she will explain everything to you and teach you on how to invest and get your profit. Do well to give me feedbacks",1
Just got early access to the new Polygon zkEVM Layer2 token presale. Limited spots for the first 500 investors. Team has solid credentials from Google and Ethereum Foundation. Link in bio if interested. #Layer2 #DeFi,0
"Breaking: Major exchange listing for $NOVA in 48 hours. Current price $0.03, analysts predict $2+ after listing. Not financial advice but timing matters. DYOR. #Crypto",0
Our DeFi protocol reached $50M TVL in 3 weeks. APY currently 45% for early liquidity providers. Audit by CertiK completed. Join Discord for whitelist access before public launch. #DeFi,0
Beta testing new AI crypto trading platform for 2 months - up 34%. Opening 100 spots tomorrow for early access. Minimum $500 deposit. Company registered in Singapore. DM for invite code.,0
Private sale: $QUANTUM token at $0.008 (public $0.05). Backed by a16z-style fund. 12-month vesting. Need proof of funds. Accredited investors only. #VC #Crypto,0
"I was skeptical too, but this staking platform paid consistently for 6 months. 8% monthly returns, automated. Started $1k, now $5.2k. Wallet proof attached. Uses Chainlink oracles. Try it?",1
Real talk: Most will miss this bull run because fear. Smart money accumulating $ARC before Coinbase listing next month. Price under $1. Your choice. #FOMO #Crypto,1
"My mentor (ex-Goldman Sachs trader) shared his crypto signals group - up 180% since joining. Opening 50 spots this week. $99/month, first month free with code CRYPTO50. Verified results.",1
"Stop working 9-5, use DeFi properly. Made $12k last month providing liquidity to Uniswap V3. Not a scam, this is how DeFi works. Thread explaining my strategy...",0
Same setup before Solana went $8 to $200. $PULSE showing identical patterns. Current $0.45. Going heavy. Screenshot this. Not financial advice but...,0
"DAO approved $GRID tokenomics. Distribution: 40% airdrop, 30% liquidity, 20% team (24mo vest), 10% treasury. Snapshot in 72hrs. Requirements: 0.5 ETH + join Discord.",0
"$NEXUS launches on Arbitrum tomorrow 2pm UTC. No presale, no VC, pure fair launch. $2M initial liquidity. Contract verified at launch. Set 1% slippage max. #FairLaunch",0
Portfolio update (not advice): Rotated 40% into $RLB after gambling sector analysis. House edge + buybacks = predictable yield. 15% APR currently. Risky but calculated. Thoughts on casino coins?,0
"New fund: 20% APY on USDC via algorithmic market-making. Backtested 18 months, 2.3 Sharpe ratio. $10k minimum. Quantstamp audited. Daily interest. Capped $5M AUM.",0
"Run small crypto fund ($800k AUM), opening to 5 new LPs. 65% annual returns over 3 years. Strategy: arbitrage + yield + altcoins. Multisig managed, monthly reports. DM if $25k+ available.",1
"Launched crypto trading course after 1,000 requests. Covers DeFi, analysis, risk, tax. 300 students first week. Lifetime access $497 (was $997). 14-day refund. Link below.",1
"Reminder: Gas fees super low (8 gwei). Perfect time to move funds, claim airdrops, deploy contracts. Average usually 30+ gwei. Save for reference.",0
"My portfolio allocation: 50% BTC/ETH, 30% large-cap alts (SOL, AVAX, MATIC), 15% DeFi (AAVE, UNI, CRV), 5% high-risk. Rebalance quarterly. Works for me. Not advice. Thoughts?",0
Community giveaway for 10k milestone! Prize: $500 BTC. Rules: Follow + RT + tag 2 friends. Winner Friday via random.org. Account must be 3+ months old. Good luck!,1
Bitcoin Miami conference early bird 40% off this week ($599 vs $999). Great for networking. Closed 2 deals at past events. Code MIAMI2026. March 15-17. See you there?,0
Alpha leak: Heard from Coinbase engineer friend they are adding 3 tokens next month. Cannot say publicly but one rhymes with Bardano. Do with this what you will. Not financial advice...,1
"UPDATE: Extending seed round by $500k due to interest. If you missed first allocation, reply here. Current valuation $15M (next $45M). Building compliant crypto derivatives for institutions. Bloomberg featured us.",0
"Market maker here. Recruiting 20 liquidity providers for private pool. 8-12% monthly returns via spread capture + arbitrage. Need: trading history, $50k min, NDA. Serious only, encrypted DM.",1
"My crypto tax attorney saved me $47k using one legal strategy. Most do not know this loophole. Negotiated discount for followers - $2,500 consultation now $399. She takes 30 clients/month. Link in profile.",1
Insider info (do not share): SEC Bitcoin ETF approval triggered clause in our smart contract. Distributing bonus tokens to early investors - 2:1 ratio. Check wallet if you joined 2024 seed round. Gas covered. Claim within 7 days or forfeit.,1
"$HYPE airdrop snapshot at block 18,500,000 (36 hrs). Eligibility: 0.1+ ETH, 3+ DeFi txns, wallet age 6+ months. No claims - auto-distributed. Legit per official Discord screenshot.",0
"Controversial: Most crypto communities are referral schemes. But if you are early and understand it, you can profit ethically. Made $8k last quarter via Discord + NFT flips. Thread on how...",0
"Building decentralized hedge fund governed by tokenholders. First $2M raised, target $20M. Each token = 1 vote. Profits quarterly via smart contract. Legal structure approved in Cayman Islands. Whitepaper linked.",0
"Pro tip from 5 years in crypto: Never share portfolio size publicly. That said, if managing 6+ figures without hardware wallet + multisig, you are wrong. I offer security audits for $250. Saved 3 clients from hacks. DM me.",1
"Free crypto trading webinar Saturday 2pm EST. Topics: Market cycles, entry/exit, rebalancing. No upsell, no course - genuinely educational. Made enough from crypto, now giving back. Zoom link attached.",1
"FREE BOOK & Crypto giveaway!!!                                    1 person wins $25 in FREE Bitcoin Directions⬇️
1) Like This Post                                                                2) Follow My Page                                                                    3) Tag 2 Friends Below",1
"I am sending you 1π!

Claim your Pi now following this link:

->  

-> use code: geomastro 

#giveaway #free #code #airdrop #crypto #news #btc     #Covid_19 #StayHome        #Apple #Marrone #OneDirection2020 #pericles #WONHO",1
"Coinz Review: World’s First AI App that Generates $253.87 Daily In Free Bitcoin & Ethereum
👉👉 Click Here To Get More Info 👇👇
https://sumonreview.com/coinz-review/
#Coinzlivedemo #CoinzOTOS #Coinzpreview #CoinzReview #Coinzsoftware #Coinzupgrades #Coinzupsells #Coinzworth #Traffic #WhatIsCoinz?",1
"Coinz Review: Transforms Any Device into a Cryptocurrency Generator!

More Details Of Coinz App - https://kausar-review.com/coinz-review-start-earning-free-bitcoin/

#Coinz #CoinzApp #CoinzMenu #CoinzReview #cryptocurrencyGenerator",1
"🔥1,000 XRP Giveaway🔥

xDREAMS 2nd Gen NFTs

👉 10 XRP Each #NFT👈

1,000 #XRP GA When Sold-Out
📍5 winners = 50 XRP Each
📍10+ NFTs = 3 winners 👉250 XRP each
📍You Can WIN Multiple Times

👇👇Mint Now👇👇
https://xmart.art/collections/xDREAMS/2nd-Gen/

#XRPL #bluesky #XRParmy #XRPLCommunity #GA #Giveaway #crypto #XRPHolders",1
"🚨 BREAKING NEWS: FEDERAL RESERVE CONFIRMS XRP WILL STRONGLY SUPPORT ITS FEDNOW PAYMENT SYSTEM! ‼️‼️

#XRP #Crypto #Fednow

Side note: 1000 XRP giveaway in 38 hours, Just follow, RT, comment your thoughts",1
"Grass Crypto Project you can run this for free in the background of your Mini PC, take my Referral code and start earning Crypto ☄️☄️☄️📦

https://app.getgrass.io/register/?referralCode=0ZZ8r1SncACSWSM
#passiefinkomen 
#crypto 
#cryptocurrency",1
"🌟放置系エアドロまとめ🌟

✅Grass
🔗 https://app.getgrass.io/register/?referralCode=8ZSNYkGo3nBRPOm

✅BlockMesh
🔗 https://app.blockmesh.xyz/register?invite_code=airweb3

✅Kaisar Network
🔗 https://zero.kaisar.io/login?ref=KgctGM991

✅Gradient
🔗 https://app.gradient.network/signup?code=5W2BJ1

✅Bless
🔗 https://bless.network/dashboard/login?ref=B93WUW

✅UpRock
🔗 https://link.uprock.com/i/cd729caa

#エアドロップ #Airdrop",1
"• https://getgrass.io earn crypto with your internet connection 🤩

• Generate passive income simply by selling a resource that you own but don't use to the full.

• Join and start earning ➡️  https://app.getgrass.io/register/?referralCode=fNVQovvfnwBxGRX

#GetGrass #Grass #Airdrops #Crypto #DePIN #PassiveIncome #Rewards #Web3 #earnmoney",0
"I have tested 1 online money making app enough to endorse it to people in #Gaza #Palestine (or the US)

It’s https://freecash.com 

It pays to PayPal or virtual Visa card. It pays out as soon as you have $5. 

It pays you to download & play games. It also pays you to refer someone else. 

1/",1
"Crypto for you: Deposit any
amount of $MATIC to wallet address 1M8GPcw75q86mmwgtk4NxwmEUAULGobGQx and reply here for double back — nearly 100% guaranteed
returns! #cryptogiveaway #earning",1
"Looking for easy passive
income? Try BuyCryptoGem.io – invest and earn 10% daily ROI! 👈 Limited slots! #depincome",1
"Official Elon Tweet: ‘Sending
free BTC to 100 lucky followers – just retweet and send BTC to get it back!'",1
"Win 0.5 BTC in a lucky
draw! Like & repost this and tag #Bitcoin #Crypto to enter. @officialbitcoinpromo",1
"AI Crypto Miner: Run this
JavaScript miner for free coin payouts! 💰 Just click “Enable miner” at aicryptominer.app. #passiveincome
#mining",1
"Flash Airdrop Send any
crypto to 1FfmbHfnpaZjKFvyi1okTjJJusN455paPH  now to participate! Get random tokens back instantly!",1
"New token $DEFIDROP just
launched on PancakeSwap! 100x potential! Buy now before it pumps. Chart charts.app/DEFIDROP #defi
#pumpanddump",1
"Congratulations
#BlueSkyClub, you’ve been selected for a special crypto airdrop! Click claim here: airdrop-
scam.example.com",1
"Double your BTC in
24h with our smart contract! Send 0.01 BTC to address 16F4Lqp1wtp1ofTdMwdFhxpuUAnvRBKqqD and get 0.02 BTC back.",1
"Earn 500% APY staking $DEFIS on
DefiMinerX.com Limited time only! 🔒 #yieldfarm #crypto",1
Can someone please send some free btc to my address? 17KvSHWNN2j8q8gs66cxU4CGWu8zRcjApG,0
"floortax.com – FREE $1,000 USDT Promo!” – “🚀 Crypto Airdrop: Get $1000 in Tether (USDT) FREE on Floortax.com! 💸 Use promo code free1000 to claim your bonus now – no deposit needed. Limited-time offer, don’t miss out! #free #crypto #airdrop",1
"0.5 ETH Giveaway – Claim Now” – “🎉 Congratulations! To celebrate Ethereum’s growth, we’re giving 0.5 ETH free to 100 lucky users! Visit our official event page to connect your wallet and claim your FREE Ethereum. Hurry, offer ends in 24 hours! #ETH #Giveaway #crypto",1
"FREE NFT Mint (No Gas Fee)” – “🔥 FREE NFT Drop: Mint your exclusive MetaPunk NFT now at MetaPunkDrop.com – 0 ETH cost, gas fees covered! 💰 Only 500 NFTs available. First come, first served – claim your free NFT and join the community! #NFT #airdrop #Web3",1
UK Government Bitcoin Airdrop” – “💂 UK Crypto Airdrop: The UK Government is giving £500 in Bitcoin to citizens to boost crypto adoption! 🇬🇧 Visit the official GovCrypto UK portal and verify your ID to claim your £500 BTC grant. Limited fund – act now! #Bitcoin #UK #Gov,1
Looking for Crypto Investment Partner” – “🤝 Seeking a serious partner to invest in crypto with me. I have insider trade tips and can guarantee huge profits – need someone to team up and share gains 50/50. Only message if ready to invest big and earn big. Let’s get rich together!,1
Arbitrum Bonus Airdrop” – “🚨 Arbitrum Airdrop Round 2: Eligible users can claim an extra 250 ARB tokens FREE! 🎁 Visit our official claim site to connect your wallet and get your bonus. No gas fees for a limited time. Don’t miss out on free $ARB! #Arbitrum #airdrop,1
Worldcoin Orb Rewards” – “🌐 FREE Worldcoin (WLD): We’re celebrating 1M verified users! Every new sign-up gets 25 WLD (~$50) FREE. 🤖 Verify your World ID on our promo site today to claim your airdropped WLD tokens instantly. #Worldcoin #crypto,1
MetaMask PRO Beta – $100 Reward” – “🦊 MetaMask Pro Beta Invite: We’re selecting testers for MetaMask PRO. 💵 Earn $100 in ETH for trying it out! Simply connect your wallet on our beta portal to unlock your $100 reward. Limited slots – don’t miss this exclusive offer!,1
SpaceX Token Pre-Sale” – “🚀 SpaceX Token Launch: Elon’s official crypto is here! Own a piece of SpaceX’s future via the SPACEX Token pre-sale. Early investors get 2x returns when it moons! 🌕 Buy now on SpaceXToken.com and join the mission! #SpaceX #crypto,1
AppleCoin Exclusive Pre-IPO” – “🍏 Apple Coin Confidential Pre-IPO: Rumor has it Apple is developing a secret crypto. Early adopters can buy AppleCoin before public release – private sale open now on AppleCrypto.io! This could be bigger than Bitcoin – don’t miss Apple’s next revolution. #Apple #Crypto,1
100x ROI Guaranteed – ICO” – “💰 Private ICO Invite: FinTechCorp is launching a game-changing DeFi platform. Guaranteed exchange listing – 100x ROI projected! 📝 Whitelist now for our exclusive ICO (only 500 spots). Zero risk – backed by industry veterans. #ICO #crypto,1
Mark Cuban’s Crypto Platform” – “🔥 Insider Tip: Mark Cuban is reportedly backing a new AI crypto trading platform. Early users are seeing 4× gains in weeks! 🤖 It’s invite-only now – sign up on our site to skip the waitlist. Don’t miss the next big thing in crypto tech!,1
"Bluesky Social Token Airdrop” – “🌌 Bluesky Token Airdrop: To celebrate 20M users, we’re dropping 100 SKY tokens to everyone! 🎁 Visit our BlueSky Airdrop portal and sign in with your Bluesky ID to claim your free SKY tokens now. Decentralize the social web! #airdrop #Bluesky",1
"MrBeast Bitcoin Challenge” – “💸 MrBeast Giveaway: I’m partnering with CryptoWorld to give $100,000 in Bitcoin to fans! 🏆 100 winners will get $1,000 each. Just sign up on our event page and complete a quick survey to enter. 100% free, real prizes! #MrBeast #BTC",1
"Binance Support Alert” – “🔐 Official Binance Support: Dear user, we detected unusual activity on your account. Immediate action required – contact us at support@binancehelpdesk.support to secure your funds. Failure to act may result in loss of assets. Stay SAFU!",1
Auto Arbitrage Bot – 5% Daily” – “🤖 Crypto Arbitrage Bot: Earn 2–5% daily risk-free! 📈 Our AI bot trades price differences across exchanges 24/7. No experience needed – just invest and watch profits roll in. Start with $500 and withdraw anytime. #PassiveIncome #TradingBot,1
GreenEnergy Token – 720% APY” – “🌱 GreenEnergy Token Pre-Sale: Join the eco-crypto revolution! Stake GET for 720% APY while funding green projects. ♻️ Backed by sustainable energy firms. Pre-sale investors get bonus tokens. Make money and save the planet! #DeFi #GreenCrypto,1
"Crypto Trading Success Story” – “🙌 Life-changing trade: In just 4 weeks of using NovaTrades platform, I grew my portfolio from $500 to $5,000+! 🙏 Crypto has been amazing – huge thanks to my mentor @CryptoGuru for guidance. If I can do it, anyone can! 💯 #Bitcoin #Success",1
OpenAI Token Pre-Sale” – “🚨 OpenAI Token: Don’t miss the official AI cryptocurrency co-founded by OpenAI’s team! 🤖 Pre-IPO token sale is live – early buyers get 50% bonus tokens. This will power the next-gen AI economy. Buy now on OpenAICoins.com! #AI #Crypto,1
Metaverse Land Investment” – “🏙️ Virtual Land Sale: MetaWorld is selling prime metaverse land NFTs starting at just 0.1 ETH! Early investors are already flipping parcels for profit. 🌐 Own a piece of the future virtual city and watch values skyrocket. Limited plots available – buy your land now!,1
"Discover 2025’s top crypto presales — BlockchainFX, Token6900, Lightchain — and why BFX could deliver massive gains and passive income.",0
"🚀 Bitcoin just broke $40,000 again! Is this the start of the next bull run? The energy on the timeline is wild – I’m feeling bullish 🎉 #Bitcoin #BTC.",0
"Is anyone here actually doing those meme-coin presales lately? 😅 I keep hearing about them. Seems super risky, but people won’t stop talking about it.",0
"Heard about this trading group using AI predictions… No clue how legit it is. The idea sounds cool, but I wonder if anyone’s tried it or if it’s just hype. 🧐",0
"This new wallet app claims faster transfers than MetaMask. 🤔 Not sure how they’re measuring that, but the concept is interesting. The interface does look pretty slick.",0
"Some folks are speculating a major partnership announcement is coming for a certain mid-cap crypto. No official word yet, but if it’s true, it could be big. 👀",0
"I told my friend to check out this new altcoin – the dev team is active and the community is really engaged. Price aside, it’s refreshing to see a project with actual discussion and not just moon hype.",0
"I keep seeing ads for some platform boasting crazy high APYs on staking. The UI looks great and all, but c’mon – how on earth are they sustaining those rates? 🤨",0
Anyone looking into the new MetaChain tools? Hard to tell if it’s some serious tech or just another hype cycle riding the metaverse buzzword. I’m on the fence. 🕵️,0
"Trying out this new portfolio tracker that also suggests trades. Cool idea, but the reviews are mixed. Some people love the insights, others find them way off. 🤷 I’ll give it a week and see how it goes.",0
"There’s a startup on here hyping a ‘next-gen consensus algorithm’. I’m reading up on it, but not seeing what’s so novel. 🤔 Sometimes I feel everything new is just a variant of what we have.",0
"Someone shared a spreadsheet projecting profits if BTC hits various targets (like $100k, $250k… 🚀). Fun to look at, sure, but obviously super speculative – not exactly how real life works, haha.",0
Crypto Bluesky is in a heated debate over this new project with anonymous founders. 🧐 Some say anonymity is a red flag; others argue the tech can stand on its own. It’s fascinating (and kinda chaotic) to watch!,0
"This new chain claims to handle way more TPS than Solana. If true, that’s huge – but I really want to see actual testnet results or something concrete. Skeptically optimistic on this one.",0
"People are talking about a potential MetaCoin integration with a big game studio. 🎮 That would be awesome for utility, but nothing confirmed yet. I’ve got my popcorn ready for the announcement either way.",0
"Breaking: BlackRock just filed for a Bitcoin ETF! 😲 If this gets approved, it could open the floodgates for institutional money into crypto. This is huge news… #Bitcoin #ETF",0
"Solana’s up 20% this week while most of the market is flat. Any news on why? 🤔 I’m only seeing speculation about some big partnership, but nothing solid. Still, it’s a nice pump for SOL holders!",0
"⏳ Reminder: The next Bitcoin halving is about 6 months away. Historically bullish, but macro conditions are wild this time around. Adjusting my strategy accordingly – accumulate and chill. #BTC #Halving",0
Jupiter Exchange airdrop came through! ✅ I got 331 $JUP tokens from the ASR reward. 🎉 Did you claim yours yet? Pretty neat way to reward users. #Solana,0
"PSA: I’m seeing a lot of fake crypto giveaways on here lately (send 1 BTC to get 2 BTC, that kind of nonsense). 😒 Be careful, everyone – if it sounds too good to be true, it’s 100% a scam. Stay safe out there!",0
